alias "Frank Mandarino" fam@mtnlake.com
note "Frank Mandarino" <name: Frank Mandarino>
alias "Michelle Kortenaar" michelle@mtnlake.com
note "Michelle Kortenaar" <name: Michelle Kortenaar>
alias "Robert Hutchison" hutch@mtnlake.com
note "Robert Hutchison" <name: Robert Hutchison>
alias "Cynthia Rudge" cyn@mtnlake.com
note "Cynthia Rudge" <name: Cynthia Rudge>
alias "Shawn Elliot" shawn@mtnlake.com
note "Shawn Elliot" <name: Shawn Elliot>
alias "Allen Woolfrey" woolfrey@mtnlake.com
note "Allen Woolfrey" <name: Allen Woolfrey>
alias "Rob Peets" robp@mtnlake.com
note "Rob Peets" <name: Rob Peets>
alias "David Andrews,,(416) 322-5788 Fax (416) 322-3975,(416) 322-7647" andrews@mtnlake.com
note "David Andrews,,(416) 322-5788 Fax (416) 322-3975,(416) 322-7647" <name: David Andrews,,(416) 322-5788 Fax (416) 322-3975,(416) 322-7647>
alias "Barbara Elliott" bge@mtnlake.com
note "Barbara Elliott" <name: Barbara Elliott>
alias "Steve Oberski,,," sfo@mtnlake.com
note "Steve Oberski,,," <name: Steve Oberski,,,>
alias "Jeff Marsden" jeff@mtnlake.com
note "Jeff Marsden" <name: Jeff Marsden>
alias "Dan Williams" dan@mtnlake.com
note "Dan Williams" <name: Dan Williams>
alias "Cam Linton" crl@mtnlake.com
note "Cam Linton" <name: Cam Linton>
alias "A Scahtz" aschatz@mtnlake.com
note "A Scahtz" <name: A Scahtz>
alias "Matthew Pope" mpope@mtnlake.com
note "Matthew Pope" <name: Matthew Pope>
alias "Darryl Minard" dminard@mtnlake.com
note "Darryl Minard" <name: Darryl Minard>
alias "Mark Czerwinski" mcz@mtnlake.com
note "Mark Czerwinski" <name: Mark Czerwinski>
alias "Caz Zyvatkauskas" caz@mtnlake.com
note "Caz Zyvatkauskas" <name: Caz Zyvatkauskas>
alias "Michelle Pace" mpace@mtnlake.com
note "Michelle Pace" <name: Michelle Pace>
alias "Harriet F Eastman" hfe@mtnlake.com
note "Harriet F Eastman" <name: Harriet F Eastman>
alias "Tabatha Holtz" holtz@mtnlake.com
note "Tabatha Holtz" <name: Tabatha Holtz>
alias "Kathryn Mary Zaleski-Cox" kmz@mtnlake.com
note "Kathryn Mary Zaleski-Cox" <name: Kathryn Mary Zaleski-Cox>
alias "Richard Hu" hu@mtnlake.com
note "Richard Hu" <name: Richard Hu>
alias "Harry C Eastman" hce@mtnlake.com
note "Harry C Eastman" <name: Harry C Eastman>
alias "Chris Yiu" cyiu@mtnlake.com
note "Chris Yiu" <name: Chris Yiu>
alias "Neil Zaleski-Cox" nzcox@mtnlake.com
note "Neil Zaleski-Cox" <name: Neil Zaleski-Cox>
alias "Kelly Obrien" kaos@mtnlake.com
note "Kelly Obrien" <name: Kelly Obrien>
alias "Brian Pearson" bpearson@mtnlake.com
note "Brian Pearson" <name: Brian Pearson>
alias "Eric Dirks (Alias)" edirks@mtnlake.com
note "Eric Dirks (Alias)" <name: Eric Dirks (Alias)>
alias "Susan Speigel" speigel@mtnlake.com
note "Susan Speigel" <name: Susan Speigel>
alias "Andrew Pearce (Alias)" apearce@mtnlake.com
note "Andrew Pearce (Alias)" <name: Andrew Pearce (Alias)>
alias "Rob White" rwhite@mtnlake.com
note "Rob White" <name: Rob White>
alias "Rob Pokorny" pokorny@mtnlake.com
note "Rob Pokorny" <name: Rob Pokorny>
alias "D. Peachey" peachey@mtnlake.com
note "D. Peachey" <name: D. Peachey>
alias "K. Kelly" kkelly@mtnlake.com
note "K. Kelly" <name: K. Kelly>
alias "Shannon" shannon@mtnlake.com
note "Shannon" <name: Shannon>
alias "S. Shaw" sshaw@mtnlake.com
note "S. Shaw" <name: S. Shaw>
alias "Erika Csopak" erika@mtnlake.com
note "Erika Csopak" <name: Erika Csopak>
alias "Nicholas Scott" nscott@mtnlake.com
note "Nicholas Scott" <name: Nicholas Scott>
alias "Peter Koves" kovesp@mtnlake.com
note "Peter Koves" <name: Peter Koves>
alias "David McIntosh (bns)" mcintosh@mtnlake.com
note "David McIntosh (bns)" <name: David McIntosh (bns)>
alias "Visual Decisions" vizbiz@mtnlake.com
note "Visual Decisions" <name: Visual Decisions>
alias "Sylvia Kanitsch" kanitsch@mtnlake.com
note "Sylvia Kanitsch" <name: Sylvia Kanitsch>
alias "Jean-Yves Urbain" jyurbain@mtnlake.com
note "Jean-Yves Urbain" <name: Jean-Yves Urbain>
alias "Pete Bevin" bestiary@mtnlake.com
note "Pete Bevin" <name: Pete Bevin>
alias "Margaret Fulford" mfulford@mtnlake.com
note "Margaret Fulford" <name: Margaret Fulford>
alias "Colin Grant Blayney" colin@mtnlake.com
note "Colin Grant Blayney" <name: Colin Grant Blayney>
alias "Max Stevens-Guille" max@mtnlake.com
note "Max Stevens-Guille" <name: Max Stevens-Guille>
alias "Marc Sullivan" scram@mtnlake.com
note "Marc Sullivan" <name: Marc Sullivan>
alias "Jennifer Moore" jmoore@mtnlake.com
note "Jennifer Moore" <name: Jennifer Moore>
alias "Andrew Trossman" tross@mtnlake.com
note "Andrew Trossman" <name: Andrew Trossman>
alias "Matt Bremer" dabomb@mtnlake.com
note "Matt Bremer" <name: Matt Bremer>
